Word1,Word2,Word3,Word4,Word5,Word6,Word7,Word8,Word9,Word10,Word11,Word12
abandon,keen,jealous,tact,oath,vacant,hardship,gallant,data,unaccustomed,bachelor,qualify
corpse,conceal,dismal,frigid,inhabit,numb,peril,recline,shriek,sinister,tempt,wager
typical,minimum,scarce,annual,persuade,essential,blend,visible,expensive,talent,devise,wholesale
vapor,eliminate,villain,dense,utilize,humid,theory,descend,circulate,enormous,predict,vanish
tradition,rural,burden,campus,majority,assemble,explore,topic,debate,evade,probe,reform
approach,detect,defect,employee,neglect,deceive,undoubtedly,popular,thorough,client,comprehensive,defraud
postpone,consent,massive,capsule,preserve,denounce,unique,torrent,resent,molest,gloomy,unforeseen
exaggerate,amateur,mediocre,variety,valid,survive,weird,prominent,security,bulky,reluctant,obvious
vicinity,century,rage,document,conclude,undeniable,resist,lack,ignore,challenge,miniature,source
excel,feminine,mount,compete,dread,masculine,menace,tendency,underestimate,victorious,numerous,flexible
evidence,solitary,vision,frequent,glimpse,recent,decade,hesitate,absurd,conflict,minority,fiction
ignite,abolish,urban,population,frank,pollute,reveal,prohibit,urgent,adequate,decrease,audible
journalist,famine,revive,commence,observant,identify,migrate,vessel,persist,hazy,gleam,editor
unruly,rival,violent,brutal,opponent,brawl,duplicate,vicious,whirling,underdog,thrust,bewildered
expand,alter,mature,sacred,revise,pledge,casual,pursue,unanimous,fortunate,pioneer,innovative
slender,surpass,vast,doubt,capacity,penetrate,pierce,accurate,microscope,grateful,cautious,confident
appeal,addict,wary,aware,misfortune,avoid,wretched,keg,nourish,harsh,quantity,opt
tragedy,pedestrian,glance,budget,nimble,manipulate,reckless,horrid,rave,economical,lubricate,ingenious
harvest,abundant,uneasy,calculate,absorb,estimate,morsel,quota,threat,ban,panic,appropriate
emerge,jagged,linger,ambush,crafty,defiant,vigor,perish,fragile,captive,prosper,devour
plea,weary,collide,confirm,verify,anticipate,dilemma,detour,merit,transmit,relieve,baffle
warden,acknowledge,justice,delinquent,reject,deprive,spouse,vocation,unstable,homicide,penalize,beneficiary
reptile,rarely,forbid,logical,exhibit,proceed,precaution,extract,prior,embrace,valiant,partial
fierce,detest,sneer,scowl,encourage,consider,vermin,wail,symbol,authority,neutral,trifle
architect,matrimony,baggage,squander,abroad,fugitive,calamity,pauper,envy,collapse,prosecute,bigamy
possible,compel,awkward,venture,awesome,guide,quench,betray,utter,pacify,respond,beckon
despite,disrupt,rash,rapid,exhaust,severity,feeble,unite,cease,thrifty,miserly,monarch
outlaw,promote,undernourished,illustrate,disclose,excessive,disaster,censor,culprit,juvenile,bait,insist
toil,blunder,daze,mourn,subside,maim,comprehend,commend,final,exempt,vain,repetition
depict,mortal,novel,occupant,appoint,quarter,site,quote,verse,morality,roam,attract
commuter,confine,idle,idol,jest,patriotic,dispute,valor,lunatic,vein,uneventful,fertile
refer,distress,diminish,maximum,flee,vulnerable,signify,mythology,provide,colleague,torment,loyalty
volunteer,prejudice,shrill,jolly,witty,hinder,lecture,abuse,mumble,mute,wad,retain
candidate,precede,adolescent,coeducational,radical,spontaneous,skim,vaccinate,untidy,utensil,sensitive,temperate
vague,elevate,lottery,finance,obtain,cinema,event,discard,soar,subsequent,relate,stationary
prompt,hasty,scorch,tempest,soothe,sympathetic,redeem,resume,harmony,refrain,illegal,narcotic
heir,majestic,dwindle,surplus,traitor,deliberate,vandal,drought,abide,unify,summit,heed
biography,drench,swarm,wobble,tumult,kneel,dejected,obedient,recede,tyrant,charity,verdict
unearth,depart,coincide,cancel,debtor,legible,placard,contagious,clergy,customary,transparent,scald
epidemic,obesity,magnify,chiropractor,obstacle,ventilate,jeopardize,negative,pension,vital,municipal,oral
complacent,wasp,rehabilitate,parole,vertical,multitude,nominate,potential,morgue,preoccupied,upholstery,indifference
maintain,snub,endure,wrath,expose,legend,ponder,resign,drastic,wharf,amend,ballot
